chain,resid,resname,value,radius
A,1,THR,10.800,2.000
A,2,THR,8.310,1.430
A,3,CYS,5.390,0.761
A,4,CYS,4.240,0.497
A,5,PRO,4.250,0.499
A,6,SER,4.450,0.545
A,7,ILE,6.330,0.976
A,8,VAL,6.930,1.113
A,9,ALA,3.560,0.341
A,10,ARG,3.380,0.300
A,11,SER,4.600,0.580
A,12,ASN,4.570,0.573
A,13,PHE,3.490,0.325
A,14,ASN,4.310,0.513
A,15,VAL,3.980,0.437
A,16,CYS,3.540,0.337
A,17,ARG,3.830,0.403
A,18,LEU,5.460,0.777
A,19,PRO,5.380,0.758
A,20,GLY,5.390,0.761
A,21,THR,3.940,0.428
A,22,PRO,4.690,0.600
A,23,GLU,5.310,0.742
A,24,ALA,4.490,0.554
A,25,ILE,5.440,0.772
A,26,CYS,4.370,0.527
A,27,ALA,4.430,0.541
A,28,THR,5.080,0.689
A,29,TYR,6.600,1.038
A,30,THR,5.700,0.832
A,31,GLY,5.500,0.786
A,32,CYS,4.890,0.646
A,33,ILE,5.240,0.726
A,34,ILE,6.820,1.088
A,35,ILE,7.520,1.249
A,36,PRO,8.780,1.537
A,37,GLY,9.200,1.633
A,38,ALA,9.240,1.643
A,39,THR,9.460,1.693
A,40,CYS,8.050,1.370
A,41,PRO,8.960,1.578
A,42,GLY,8.000,1.358
A,43,ASP,5.850,0.866
A,44,TYR,5.560,0.799
A,45,ALA,5.890,0.875
A,46,ASN,6.150,0.935
